schedule,command,target_repo,target_module,current_frequency,suggested_frequency,migration_status
"0 13 * * 0","/opt/investment/MarketGraph/deploy/job_collect_enterprise.sh",SharedSignals,collection,weekly_sun_13:00,weekly_sun_13:00,move
"0 20 * * 0","/opt/investment/MarketGraph/deploy/job_weekly_review.sh",tradingagent,review,weekly_sun_20:00,weekly_sun_20:00,move
"0 21 * * 0","/opt/investment/MarketGraph/deploy/job_weekly_calibrate.sh",MarketGraph,analysis,weekly_sun_21:00,weekly_sun_21:00,keep
"0 22 * * 1-5","/opt/investment/MarketGraph/deploy/job_daily_brief.sh",tradingagent,review,daily_22:00,daily_22:00,move
"0,30 9-15 * * 1-5","/opt/investment/MarketGraph/deploy/job_news.sh",SharedSignals,collection,intraday_30min,intraday_30min,move
"0 3 * * 0","/opt/investment/MarketGraph/deploy/job_cache_warm_weekly.sh",SharedSignals,collection,weekly_sun_03:00,weekly_sun_03:00,move
"0 3 * * *","/opt/investment/MarketGraph/deploy/job_collect_enterprise.sh",SharedSignals,collection,daily_03:00,daily_03:00,move
"0 4 * * 0","/opt/investment/MarketGraph/deploy/job_archive_cleanup.sh",SharedSignals,collection,weekly_sun_04:00,weekly_sun_04:00,move
"0 4 * * 4","/opt/investment/MarketGraph/deploy/job_collect_financials.sh",SharedSignals,collection,weekly_thu_04:00,weekly_thu_04:00,move
"0 5 * * 1-5","/opt/investment/MarketGraph/deploy/job_collect_news.sh",SharedSignals,collection,daily_05:00,daily_05:00,move
"0 7,19 * * *","/opt/investment/MarketGraph/deploy/job_health_sweep.sh",SharedSignals,health,daily_07:00_19:00,daily_07:00_19:00,move
"0 8,18 * * *","/opt/investment/MarketGraph/deploy/job_collect_macro.sh",SharedSignals,collection,daily_08:00_18:00,daily_08:00_18:00,move
"0 8 * * 1","/opt/investment/MarketGraph/deploy/job_seasonal_context.sh",MarketGraph,analysis,weekly_mon_08:00,weekly_mon_08:00,keep
"0 9,17 * * 1-5","/opt/investment/MarketGraph/deploy/mg_agent/agent_announcements.sh",MarketGraph,analysis,intraday_2x,intraday_2x,keep
"10,25,40,55 * * * *","/opt/investment/MarketGraph/deploy/mg_agent/agent_repair.sh",MarketGraph,analysis,every_15min,every_15min,keep
"10 2,8,14,18 * * *","/opt/investment/MarketGraph/deploy/mg_agent/agent_macro.sh",MarketGraph,analysis,4x_daily,4x_daily,keep
"*/10 9-15 * * 1-5","/opt/investment/MarketGraph/deploy/job_cache_warm_intraday.sh",SharedSignals,collection,intraday_10min,intraday_10min,move
"*/10 * * * *","/opt/investment/MarketGraph/deploy/job_runtime_checkpoint.sh",MarketGraph,health,every_10min,every_10min,keep
"15 16 * * 1-5","/opt/investment/MarketGraph/deploy/job_cache_warm.sh",SharedSignals,collection,daily_16:15,daily_16:15,move
"15 9 * * 1-5","/opt/investment/MarketGraph/deploy/job_regime.sh",MarketGraph,analysis,daily_09:15,daily_09:15,keep
"*/15 * * * *","/opt/investment/MarketGraph/deploy/mg_agent/agent_radar.sh",MarketGraph,analysis,every_15min,every_15min,keep
"*/15 * * * *","/opt/investment/MarketGraph/deploy/mg_agent/promote_chain.sh",MarketGraph,analysis,every_15min,every_15min,keep
"*/15 * * * *","/opt/investment/MarketGraph/deploy/mg_agent/repair_pack.sh",MarketGraph,analysis,every_15min,every_15min,keep
"16 20 * * 1-5","/opt/investment/MarketGraph/deploy/job_collect_cross_market.sh",SharedSignals,collection,daily_20:16,daily_20:16,move
"17 16 * * 1-5","/opt/investment/MarketGraph/deploy/job_cache_warm_extended.sh",SharedSignals,collection,daily_16:17,daily_16:17,move
"17 * * * *","/opt/investment/MarketGraph/deploy/mg_agent/agent_reaction.sh",MarketGraph,analysis,hourly,hourly,keep
"20 16 * * 1-5","/opt/investment/MarketGraph/deploy/mg_agent/agent_attribution.sh",MarketGraph,analysis,daily_16:20,daily_16:20,keep
"*/2 9-15 * * 1-5","/opt/investment/MarketGraph/deploy/mg_agent/agent_technical.sh",MarketGraph,analysis,intraday_2min,intraday_2min,keep
"30 20 * * 0","/opt/marketgraph/venv/bin/python3 /opt/investment/MarketGraph/deploy/refresh_trade_calendar.py",SharedSignals,collection,weekly_sun_20:30,weekly_sun_20:30,move
"30 8,12,16 * * *","/opt/investment/MarketGraph/deploy/job_fx_rates.sh",SharedSignals,collection,3x_daily,3x_daily,move
"30 8,20 * * *","/opt/investment/MarketGraph/deploy/mg_agent/agent_ushk.sh",MarketGraph,analysis,2x_daily,2x_daily,keep
"*/30 9-15 * * 1-5","/opt/investment/MarketGraph/deploy/mg_agent/agent_market_depth.sh",MarketGraph,analysis,intraday_30min,intraday_30min,keep
"32 16 * * 1-5","/opt/investment/MarketGraph/deploy/job_daily_brief.sh",tradingagent,review,daily_16:32,daily_16:32,move
"40 23 * * *","/opt/investment/MarketGraph/deploy/job_derived_refresh.sh",SharedSignals,collection,daily_23:40,daily_23:40,move
"45 20 * * 1-5","/opt/investment/MarketGraph/deploy/mg_agent/postclose_review.sh",MarketGraph,analysis,daily_20:45,daily_20:45,keep
"3,18,33,48 * * * *","/opt/investment/MarketGraph/deploy/mg_agent/agent_concept.sh",MarketGraph,analysis,every_15min,every_15min,keep
"9,24,39,54 * * * *","/opt/investment/MarketGraph/deploy/mg_agent/agent_enterprise.sh",MarketGraph,analysis,every_15min,every_15min,keep
"*/5 * * * *","/opt/investment/MarketGraph/deploy/job_sentiment_fast_promote.sh",MarketGraph,analysis,every_5min,every_5min,keep
"6,21,36,51 * * * *","/opt/investment/MarketGraph/deploy/mg_agent/agent_chain.sh",MarketGraph,analysis,every_15min,every_15min,keep
"* 9-15 * * 1-5","/opt/investment/MarketGraph/deploy/job_intraday_snapshot_loop.sh",SharedSignals,collection,intraday_continuous,intraday_continuous,move
"@reboot","/opt/investment/MarketGraph/deploy/job_rss_collector.sh",SharedSignals,collection,reboot,reboot,move
"*/30 * * * *","/opt/investment/MarketGraph/deploy/wrappers/job_pm_shadow.sh",tradingagent,trading,every_30min,every_30min,move
"*/30 * * * *","/opt/investment/MarketGraph/deploy/wrappers/job_pm_forward.sh",tradingagent,trading,every_30min,every_30min,move
"2-59/10 * * * *","/opt/investment/tradingagent/shared/wrappers/job_pm_research_probability.sh",tradingagent,trading,every_10min,every_10min,keep
"0 * * * *","/opt/investment/MarketGraph/deploy/wrappers/job_pm_optimize.sh",tradingagent,trading,hourly,hourly,move
"*/30 * * * *","/opt/investment/MarketGraph/deploy/wrappers/job_pm_risk.sh",tradingagent,risk,every_30min,every_30min,move
"*/30 * * * *","/opt/investment/MarketGraph/deploy/wrappers/job_pm_report.sh",tradingagent,review,every_30min,every_30min,move
"15 9 * * 1-5","/opt/investment/MarketGraph/deploy/wrappers/job_us_premarket.sh",tradingagent,trading,daily_09:15,daily_09:15,move
"*/30 10-14,22-23,0-4 * * 1-5","/opt/investment/MarketGraph/deploy/wrappers/job_us_hourly.sh",tradingagent,trading,intraday_30min,intraday_30min,move
"35 16 * * 1-5","/opt/investment/MarketGraph/deploy/wrappers/job_us_postclose.sh",tradingagent,trading,daily_16:35,daily_16:35,move
"30 20 * * 0","/opt/investment/MarketGraph/deploy/wrappers/job_us_weekly.sh",tradingagent,review,weekly_sun_20:30,weekly_sun_20:30,move
"0 */4 * * *","/opt/investment/MarketGraph/deploy/wrappers/job_crypto_daily.sh",tradingagent,trading,4x_daily,4x_daily,move
"0 */12 * * *","/opt/investment/MarketGraph/deploy/wrappers/job_crypto_weekly.sh",tradingagent,trading,2x_daily,2x_daily,move
"30 * * * 1-5","/opt/investment/MarketGraph/deploy/wrappers/job_us_signal_review.sh",tradingagent,review,hourly,hourly,move
"0 * * * *","/opt/investment/MarketGraph/deploy/wrappers/job_cross_market_review.sh",tradingagent,review,hourly,hourly,move
"30 * * * *","/opt/investment/MarketGraph/deploy/wrappers/job_strategy_attribution.sh",tradingagent,review,hourly,hourly,move
"45 * * * *","/opt/investment/MarketGraph/deploy/wrappers/job_auto_position.sh",tradingagent,trading,hourly,hourly,move
"30 8 * * *","/opt/investment/MarketGraph/deploy/job_email_notify.sh",tradingagent,notify,daily_08:30,daily_08:30,move
"*/30 * * * 1-5","/opt/investment/MarketGraph/deploy/job_trading_signals.sh",tradingagent,trading,every_30min,every_30min,move
"0 * * * *","/opt/investment/MarketGraph/deploy/wrappers/job_strategy_version.sh",tradingagent,review,hourly,hourly,move
"*/5 * * * *","/opt/marketgraph/venv/bin/python3 /opt/investment/MarketGraph/deploy/_dashboard.py",MarketGraph,health,every_5min,every_5min,keep
"0 6 * * *","/opt/marketgraph/venv/bin/python3 /opt/investment/MarketGraph/deploy/_external_sources.py",SharedSignals,collection,daily_06:00,daily_06:00,move
"30 * * * *","/opt/marketgraph/venv/bin/python3 /opt/investment/MarketGraph/deploy/_auto_tune.py",MarketGraph,analysis,hourly,hourly,keep
"@reboot","/opt/marketgraph/venv/bin/python3 /opt/investment/MarketGraph/deploy/_api_server.py &",MarketGraph,health,reboot,reboot,keep
"@reboot","bash /opt/investment/RSSCollector/start_rsshub.sh",SharedSignals,collection,reboot,reboot,move
"*/10 * * * *","/opt/marketgraph/venv/bin/python3 /opt/investment/RSSCollector/collector.py --tier hot",SharedSignals,collection,every_10min,every_10min,move
"5 * * * *","/opt/marketgraph/venv/bin/python3 /opt/investment/RSSCollector/collector.py --tier warm",SharedSignals,collection,hourly,hourly,move
"0 2 * * *","/opt/marketgraph/venv/bin/python3 /opt/investment/MarketGraph/tools/gate_review.py --apply --json",tradingagent,review,daily_02:00,daily_02:00,move
"0 1,13 * * *","/opt/marketgraph/venv/bin/python3 /opt/investment/MarketGraph/tools/source_auto_graduate.py --apply --json",SharedSignals,collection,2x_daily,2x_daily,move
"0 3 * * *","/opt/marketgraph/venv/bin/python3 /opt/investment/MarketGraph/tools/signal_log_cleanup.py --apply --json",SharedSignals,collection,daily_03:00,daily_03:00,move
"*/30 10-14,22-23,0-4 * * 1-5","/opt/investment/MarketGraph/deploy/wrappers/job_us_shadow_exec.sh",tradingagent,trading,intraday_30min,intraday_30min,move
"*/30 * * * *","/opt/investment/MarketGraph/deploy/wrappers/job_crypto_shadow_exec.sh",tradingagent,trading,every_30min,every_30min,move
"25 9 * * 1-5","/opt/investment/MarketGraph/deploy/job_premarket_signals.sh",tradingagent,trading,daily_09:25,daily_09:25,move
"*/15 * * * *","/opt/investment/MarketGraph/deploy/job_self_heal.sh",tradingagent,review,every_15min,every_15min,move
"30 7 * * *","/opt/marketgraph/venv/bin/python3 /opt/investment/MarketGraph/tools/daily_brief.py --apply --json",tradingagent,review,daily_07:30,daily_07:30,move
"30 * * * *","/opt/investment/MarketGraph/deploy/wrappers/job_factor_attribution.sh",tradingagent,review,hourly,hourly,move
"0 17 * * 1-5","/opt/investment/MarketGraph/deploy/wrappers/job_backtest_report.sh",tradingagent,review,daily_17:00,daily_17:00,move
"0 3 * * 6","/opt/investment/MarketGraph/deploy/job_stress_test.sh",tradingagent,risk,weekly_sat_03:00,weekly_sat_03:00,move
"0 16 * * 1-5","/opt/investment/MarketGraph/deploy/job_research_report.sh",tradingagent,review,daily_16:00,daily_16:00,move
"*/5 9-15 * * 1-5","/opt/investment/MarketGraph/deploy/wrappers/job_ashare_sim_exec.sh",tradingagent,trading,intraday_5min,intraday_5min,move
"*/30 * * * *","/opt/investment/MarketGraph/deploy/job_pm_promote.sh",tradingagent,trading,every_30min,every_30min,move
"0 14 * * *","/opt/marketgraph/venv/bin/python3 /opt/investment/MarketGraph/tools/gate_review.py --apply --json (intraday)",tradingagent,review,daily_14:00,daily_14:00,move
"30 2 * * *","/opt/marketgraph/venv/bin/python3 /opt/investment/MarketGraph/tools/self_heal.py --apply --json",tradingagent,review,daily_02:30,daily_02:30,move
"0 */2 * * *","/opt/investment/MarketGraph/deploy/job_data_capability_registry.sh",SharedSignals,collection,2h,2h,move
"*/5 9-15 * * 1-5","/opt/investment/MarketGraph/deploy/job_tushare_rt_min_5m.sh",SharedSignals,collection,intraday_5min,intraday_5min,move
"35 6 * * 1-5","/opt/investment/MarketGraph/deploy/job_tushare_dimension_collect.sh --task research",SharedSignals,collection,daily_06:35,daily_06:35,move
"25,35 9 * * 1-5","/opt/investment/MarketGraph/deploy/job_tushare_dimension_collect.sh --task auction",SharedSignals,collection,daily_09:25_09:35,daily_09:25_09:35,move
"25 16 * * 1-5","/opt/investment/MarketGraph/deploy/job_tushare_dimension_collect.sh --task stock_minutes",SharedSignals,collection,daily_16:25,daily_16:25,move
"*/5 * * * *","/opt/investment/MarketGraph/deploy/job_marketdata_db_sync.sh",SharedSignals,collection,every_5min,every_5min,move
"45 16 * * 1-5","/opt/investment/MarketGraph/deploy/job_ashare_daily_backfill_db.sh --max-days 1",SharedSignals,collection,daily_16:45,daily_16:45,move
"10 */2 * * *","/opt/investment/MarketGraph/deploy/job_ashare_daily_backfill_db.sh --resume-ashare-history",SharedSignals,collection,2h,2h,move
"*/10 9-16 * * 1-5","/opt/investment/MarketGraph/deploy/job_tushare_dimension_collect.sh --task events",SharedSignals,collection,intraday_10min,intraday_10min,move
"20 6,12,17,21 * * *","/opt/investment/MarketGraph/deploy/job_tushare_dimension_collect.sh --task events (4x)",SharedSignals,collection,4x_daily,4x_daily,move
"*/15 * * * *","/opt/investment/MarketGraph/deploy/wrappers/job_pm_collect.sh",SharedSignals,collection,every_15min,every_15min,move
"*/15 * * * *","/opt/investment/MarketGraph/deploy/job_collect_crypto.sh",SharedSignals,collection,every_15min,every_15min,move
"*/15 * * * *","/opt/investment/MarketGraph/deploy/wrappers/job_crypto_hourly.sh",SharedSignals,collection,every_15min,every_15min,move
"25 2 * * *","/opt/investment/MarketGraph/deploy/job_marketdata_db_maintenance.sh",SharedSignals,collection,daily_02:25,daily_02:25,move
"20 */2 * * 1-6","/opt/investment/MarketGraph/deploy/job_tushare_dimension_collect.sh --task us_daily",SharedSignals,collection,2h,2h,move
"*/5 * * * *","/opt/marketgraph/venv/bin/python3 /opt/investment/MarketGraph/03-Events-Signals/tools/marketgraph_signal_to_strategy.py --cutoff-hours 24 --apply",MarketGraph,analysis,every_5min,every_5min,keep
"*/10 * * * *","/opt/investment/MarketGraph/deploy/job_health_monitor.sh",SharedSignals,health,every_10min,every_10min,move
"0 8,20 * * *","bash /opt/investment/MarketGraph/deploy/job_alert.sh",tradingagent,notify,2x_daily,2x_daily,move
"0 4 * * *","bash /opt/investment/MarketGraph/deploy/auto_maintain.sh",SharedSignals,health,daily_04:00,daily_04:00,move
